prompt_id,story_url,rank_in_prompt,likes,comments
1,https://blog.reedsy.com/short-story/vvvs8c/,1,39,20
1,https://blog.reedsy.com/short-story/k1qxim/,2,29,10
1,https://blog.reedsy.com/short-story/wcrps3/,3,28,22
1,https://blog.reedsy.com/short-story/0hs63e/,4,22,11
1,https://blog.reedsy.com/short-story/nzlmsy/,5,20,4
1,https://blog.reedsy.com/short-story/pkcy1f/,6,20,2
1,https://blog.reedsy.com/short-story/lsfedc/,7,19,4
1,https://blog.reedsy.com/short-story/srdsku/,8,17,3
1,https://blog.reedsy.com/short-story/v3a5w8/,9,14,12
1,https://blog.reedsy.com/short-story/g082dn/,10,14,11
1,https://blog.reedsy.com/short-story/w75i0o/,11,14,4
1,https://blog.reedsy.com/short-story/z6g7c6/,12,14,4
1,https://blog.reedsy.com/short-story/rolwi0/,13,14,3
1,https://blog.reedsy.com/short-story/4mt1fp/,14,14,3
1,https://blog.reedsy.com/short-story/rixvns/,15,14,2
1,https://blog.reedsy.com/short-story/c9r2i9/,16,14,2
1,https://blog.reedsy.com/short-story/uct3p5/,17,13,0
1,https://blog.reedsy.com/short-story/jwh7cu/,18,12,7
2,https://blog.reedsy.com/short-story/tkr6y1/,1,54,32
2,https://blog.reedsy.com/short-story/r5t6yq/,2,40,38
2,https://blog.reedsy.com/short-story/3039d3/,3,33,14
2,https://blog.reedsy.com/short-story/sfde2f/,4,28,16
2,https://blog.reedsy.com/short-story/tdilop/,5,28,12
2,https://blog.reedsy.com/short-story/72m1u2/,6,21,19
2,https://blog.reedsy.com/short-story/h0j6gw/,7,18,9
2,https://blog.reedsy.com/short-story/m7pj7z/,8,17,5
2,https://blog.reedsy.com/short-story/vm92gq/,9,16,2
2,https://blog.reedsy.com/short-story/xnrhxo/,10,16,2
2,https://blog.reedsy.com/short-story/fab7t3/,11,15,8
2,https://blog.reedsy.com/short-story/fpy493/,12,15,8
2,https://blog.reedsy.com/short-story/spcey6/,13,15,5
2,https://blog.reedsy.com/short-story/u00yl7/,14,14,2
2,https://blog.reedsy.com/short-story/74lezu/,15,13,2
2,https://blog.reedsy.com/short-story/u62vrb/,16,13,0
2,https://blog.reedsy.com/short-story/xbweof/,17,12,0
2,https://blog.reedsy.com/short-story/4ufbor/,18,11,6
2,https://blog.reedsy.com/short-story/8pc81z/,19,11,0
2,https://blog.reedsy.com/short-story/fygj9e/,20,11,0
3,https://blog.reedsy.com/short-story/b464xx/,1,59,80
3,https://blog.reedsy.com/short-story/x4qukk/,2,34,26
3,https://blog.reedsy.com/short-story/qz1g82/,3,28,22
3,https://blog.reedsy.com/short-story/slcg26/,4,26,13
3,https://blog.reedsy.com/short-story/zlsge5/,5,25,13
3,https://blog.reedsy.com/short-story/6um9f0/,6,18,7
3,https://blog.reedsy.com/short-story/00cd6s/,7,18,3
3,https://blog.reedsy.com/short-story/rhfm98/,8,17,2
3,https://blog.reedsy.com/short-story/pnrvab/,9,16,4
3,https://blog.reedsy.com/short-story/83s7fo/,10,15,6
3,https://blog.reedsy.com/short-story/zuoen1/,11,15,3
3,https://blog.reedsy.com/short-story/0zsgjh/,12,14,2
3,https://blog.reedsy.com/short-story/495pjg/,13,14,0
3,https://blog.reedsy.com/short-story/up3d1b/,14,13,2
3,https://blog.reedsy.com/short-story/zurc1r/,15,13,0
3,https://blog.reedsy.com/short-story/ruejsj/,16,12,3
3,https://blog.reedsy.com/short-story/rozfwc/,17,12,2
3,https://blog.reedsy.com/short-story/hvawdl/,18,12,2
3,https://blog.reedsy.com/short-story/t4opoq/,19,12,0
3,https://blog.reedsy.com/short-story/quoau1/,20,11,3
3,https://blog.reedsy.com/short-story/xkfx7p/,21,11,0
3,https://blog.reedsy.com/short-story/exxsdn/,22,11,0
4,https://blog.reedsy.com/short-story/pzw7o9/,1,34,33
4,https://blog.reedsy.com/short-story/te95t4/,2,29,18
4,https://blog.reedsy.com/short-story/84857v/,3,29,13
4,https://blog.reedsy.com/short-story/ikubyq/,4,24,17
4,https://blog.reedsy.com/short-story/m51ugg/,5,23,2
4,https://blog.reedsy.com/short-story/cqv3a5/,6,22,6
4,https://blog.reedsy.com/short-story/gs0ytk/,7,18,6
4,https://blog.reedsy.com/short-story/f0nzcb/,8,16,3
4,https://blog.reedsy.com/short-story/rz4smk/,9,14,10
4,https://blog.reedsy.com/short-story/q48xz3/,10,14,5
4,https://blog.reedsy.com/short-story/2k6u0u/,11,14,4
4,https://blog.reedsy.com/short-story/dod0nv/,12,14,1
4,https://blog.reedsy.com/short-story/v8y1i9/,13,14,1
4,https://blog.reedsy.com/short-story/9ir8c1/,14,13,2
4,https://blog.reedsy.com/short-story/isi70s/,15,13,0
4,https://blog.reedsy.com/short-story/ntif63/,16,12,5
4,https://blog.reedsy.com/short-story/gw4t31/,17,12,4
4,https://blog.reedsy.com/short-story/vec6bj/,18,12,3
4,https://blog.reedsy.com/short-story/e33ixy/,19,12,2
4,https://blog.reedsy.com/short-story/t5npq7/,20,12,0
4,https://blog.reedsy.com/short-story/lww9rf/,21,11,2
4,https://blog.reedsy.com/short-story/4h7ul1/,22,11,2
4,https://blog.reedsy.com/short-story/nmt7am/,23,11,0
4,https://blog.reedsy.com/short-story/iko736/,24,11,0
4,https://blog.reedsy.com/short-story/3g2z9t/,25,11,0
5,https://blog.reedsy.com/short-story/ltwlux/,1,195,73
5,https://blog.reedsy.com/short-story/d5us96/,2,41,23
5,https://blog.reedsy.com/short-story/tbax6w/,3,25,13
5,https://blog.reedsy.com/short-story/d5ed1s/,4,23,2
5,https://blog.reedsy.com/short-story/nkhhs3/,5,19,15
5,https://blog.reedsy.com/short-story/g7idow/,6,16,3
5,https://blog.reedsy.com/short-story/ea2000/,7,16,3
5,https://blog.reedsy.com/short-story/tlm7h5/,8,15,0
5,https://blog.reedsy.com/short-story/c8hava/,9,14,8
5,https://blog.reedsy.com/short-story/d27dbv/,10,14,4
5,https://blog.reedsy.com/short-story/wxe7by/,11,13,2
5,https://blog.reedsy.com/short-story/60azay/,12,12,4
5,https://blog.reedsy.com/short-story/zsa2on/,13,12,4
5,https://blog.reedsy.com/short-story/8stnxa/,14,11,4
5,https://blog.reedsy.com/short-story/vx2vrl/,15,11,2
5,https://blog.reedsy.com/short-story/xrjgi7/,16,11,1
5,https://blog.reedsy.com/short-story/37lfn5/,17,11,1
5,https://blog.reedsy.com/short-story/85sv7t/,18,11,1
6,https://blog.reedsy.com/short-story/mf8n1g/,1,60,40
6,https://blog.reedsy.com/short-story/o27c9r/,2,35,18
6,https://blog.reedsy.com/short-story/db4nwr/,3,30,26
6,https://blog.reedsy.com/short-story/yw8r8v/,4,29,25
6,https://blog.reedsy.com/short-story/dnqgpj/,5,28,12
6,https://blog.reedsy.com/short-story/s6jhin/,6,22,7
6,https://blog.reedsy.com/short-story/ko31zj/,7,19,16
6,https://blog.reedsy.com/short-story/crc4vt/,8,18,16
6,https://blog.reedsy.com/short-story/1jocox/,9,18,13
6,https://blog.reedsy.com/short-story/rfobg7/,10,18,6
6,https://blog.reedsy.com/short-story/17e3pz/,11,16,10
6,https://blog.reedsy.com/short-story/92slht/,12,16,4
6,https://blog.reedsy.com/short-story/tnt90t/,13,15,12
6,https://blog.reedsy.com/short-story/v7zv7v/,14,15,6
6,https://blog.reedsy.com/short-story/xpj445/,15,15,5
6,https://blog.reedsy.com/short-story/btnf8a/,16,15,2
6,https://blog.reedsy.com/short-story/yy9rfd/,17,14,10
6,https://blog.reedsy.com/short-story/pi7znn/,18,14,8
6,https://blog.reedsy.com/short-story/ll448w/,19,12,11
6,https://blog.reedsy.com/short-story/vna9dq/,20,12,3
6,https://blog.reedsy.com/short-story/mwf80o/,21,11,11
6,https://blog.reedsy.com/short-story/upsjvv/,22,11,4
6,https://blog.reedsy.com/short-story/ebfny5/,23,11,3
6,https://blog.reedsy.com/short-story/urjc4f/,24,11,2
6,https://blog.reedsy.com/short-story/5xnaki/,25,11,0
7,https://blog.reedsy.com/short-story/ke5to4/,1,47,59
7,https://blog.reedsy.com/short-story/p5rz09/,2,31,15
7,https://blog.reedsy.com/short-story/rww7ih/,3,25,22
7,https://blog.reedsy.com/short-story/k9juor/,4,20,2
7,https://blog.reedsy.com/short-story/yh62hy/,5,18,17
7,https://blog.reedsy.com/short-story/e48ees/,6,18,4
7,https://blog.reedsy.com/short-story/3ag7kp/,7,16,6
7,https://blog.reedsy.com/short-story/hdur4j/,8,15,15
7,https://blog.reedsy.com/short-story/oahrg9/,9,11,7
7,https://blog.reedsy.com/short-story/hz2aux/,10,11,3
8,https://blog.reedsy.com/short-story/w419tc/,1,43,37
8,https://blog.reedsy.com/short-story/xsz8sr/,2,26,25
8,https://blog.reedsy.com/short-story/7bkh23/,3,18,10
8,https://blog.reedsy.com/short-story/t30jl7/,4,18,6
8,https://blog.reedsy.com/short-story/eu4v2q/,5,16,21
8,https://blog.reedsy.com/short-story/asd55k/,6,16,11
8,https://blog.reedsy.com/short-story/mu1u5y/,7,16,8
8,https://blog.reedsy.com/short-story/z57tb5/,8,14,3
8,https://blog.reedsy.com/short-story/vqkusz/,9,13,9
8,https://blog.reedsy.com/short-story/qovuqp/,10,12,3
8,https://blog.reedsy.com/short-story/kjrxur/,11,12,2
8,https://blog.reedsy.com/short-story/n9bawa/,12,12,1
8,https://blog.reedsy.com/short-story/9jqptg/,13,11,6
8,https://blog.reedsy.com/short-story/bn94jg/,14,11,4
9,https://blog.reedsy.com/short-story/f71z1r/,1,54,35
9,https://blog.reedsy.com/short-story/z0nkew/,2,44,45
9,https://blog.reedsy.com/short-story/0k4e0i/,3,37,37
9,https://blog.reedsy.com/short-story/jojtjt/,4,32,37
9,https://blog.reedsy.com/short-story/hw93v9/,5,21,19
9,https://blog.reedsy.com/short-story/s4g6xh/,6,20,20
9,https://blog.reedsy.com/short-story/r4ckf8/,7,20,15
9,https://blog.reedsy.com/short-story/8g7cr4/,8,19,14
9,https://blog.reedsy.com/short-story/2ilh7p/,9,19,11
9,https://blog.reedsy.com/short-story/kzh4lk/,10,16,4
9,https://blog.reedsy.com/short-story/hk6jiz/,11,16,2
9,https://blog.reedsy.com/short-story/04w919/,12,14,8
9,https://blog.reedsy.com/short-story/yx6qnj/,13,13,6
9,https://blog.reedsy.com/short-story/2kapeu/,14,12,7
9,https://blog.reedsy.com/short-story/tgkp57/,15,11,14
9,https://blog.reedsy.com/short-story/s4d43o/,16,11,5
10,https://blog.reedsy.com/short-story/28r778/,1,39,144
10,https://blog.reedsy.com/short-story/hf81ik/,2,33,34
10,https://blog.reedsy.com/short-story/e7g6ai/,3,30,23
10,https://blog.reedsy.com/short-story/pooswu/,4,28,6
10,https://blog.reedsy.com/short-story/jbik8j/,5,22,13
10,https://blog.reedsy.com/short-story/yntu6y/,6,21,4
10,https://blog.reedsy.com/short-story/6m0sfg/,7,15,4
10,https://blog.reedsy.com/short-story/3sf09w/,8,14,7
10,https://blog.reedsy.com/short-story/7ta614/,9,12,12
11,https://blog.reedsy.com/short-story/giqjnn/,1,33,16
11,https://blog.reedsy.com/short-story/rseuek/,2,30,26
11,https://blog.reedsy.com/short-story/e6po7n/,3,26,6
11,https://blog.reedsy.com/short-story/mc2gou/,4,22,10
11,https://blog.reedsy.com/short-story/d9x9s5/,5,21,16
11,https://blog.reedsy.com/short-story/ztpf1o/,6,21,8
11,https://blog.reedsy.com/short-story/mp7ypd/,7,20,11
11,https://blog.reedsy.com/short-story/nhwye9/,8,18,11
11,https://blog.reedsy.com/short-story/xdnvdl/,9,17,9
11,https://blog.reedsy.com/short-story/2ckki2/,10,17,1
11,https://blog.reedsy.com/short-story/jeug1s/,11,16,8
11,https://blog.reedsy.com/short-story/sbxug2/,12,16,4
11,https://blog.reedsy.com/short-story/do0ddf/,13,15,5
11,https://blog.reedsy.com/short-story/y0h3ni/,14,14,8
11,https://blog.reedsy.com/short-story/rmdknh/,15,14,6
11,https://blog.reedsy.com/short-story/vfjvnx/,16,14,3
11,https://blog.reedsy.com/short-story/yrovjf/,17,14,2
11,https://blog.reedsy.com/short-story/926ouw/,18,13,19
11,https://blog.reedsy.com/short-story/wqk8ep/,19,13,7
11,https://blog.reedsy.com/short-story/l59tlp/,20,13,3
11,https://blog.reedsy.com/short-story/e3klc4/,21,12,3
11,https://blog.reedsy.com/short-story/0dy9as/,22,12,2
11,https://blog.reedsy.com/short-story/knu36w/,23,12,2
11,https://blog.reedsy.com/short-story/lw0uf2/,24,12,1
11,https://blog.reedsy.com/short-story/0j59ok/,25,11,7
11,https://blog.reedsy.com/short-story/4ms9cj/,26,11,4
11,https://blog.reedsy.com/short-story/y4qc71/,27,11,2
11,https://blog.reedsy.com/short-story/hmn2nt/,28,11,1
11,https://blog.reedsy.com/short-story/z0rg92/,29,11,0
12,https://blog.reedsy.com/short-story/kogb0v/,1,45,22
12,https://blog.reedsy.com/short-story/k392jo/,2,21,11
12,https://blog.reedsy.com/short-story/rfo9hg/,3,19,4
12,https://blog.reedsy.com/short-story/h8mxab/,4,18,4
12,https://blog.reedsy.com/short-story/3yzxfd/,5,17,2
12,https://blog.reedsy.com/short-story/sn102f/,6,15,8
12,https://blog.reedsy.com/short-story/5j6alp/,7,14,6
12,https://blog.reedsy.com/short-story/p372kc/,8,14,6
12,https://blog.reedsy.com/short-story/1jfvx7/,9,14,4
12,https://blog.reedsy.com/short-story/svl69s/,10,13,2
12,https://blog.reedsy.com/short-story/nka8c2/,11,13,1
12,https://blog.reedsy.com/short-story/wglfsn/,12,12,5
12,https://blog.reedsy.com/short-story/o40hez/,13,12,2
12,https://blog.reedsy.com/short-story/y0dsro/,14,12,2
12,https://blog.reedsy.com/short-story/ti0ycw/,15,12,1
12,https://blog.reedsy.com/short-story/it9r5b/,16,12,0
12,https://blog.reedsy.com/short-story/f8nwu0/,17,11,4
12,https://blog.reedsy.com/short-story/26x2w2/,18,11,4
12,https://blog.reedsy.com/short-story/eti0kz/,19,11,4
12,https://blog.reedsy.com/short-story/qhblk9/,20,11,3
12,https://blog.reedsy.com/short-story/jgfcbq/,21,11,3
13,https://blog.reedsy.com/short-story/lpj1g7/,1,60,56
13,https://blog.reedsy.com/short-story/f7xpxi/,2,59,30
13,https://blog.reedsy.com/short-story/khv5k3/,3,35,43
13,https://blog.reedsy.com/short-story/dx109p/,4,29,34
13,https://blog.reedsy.com/short-story/4iqnou/,5,29,27
13,https://blog.reedsy.com/short-story/ezxvev/,6,28,22
13,https://blog.reedsy.com/short-story/fpaqqx/,7,26,42
13,https://blog.reedsy.com/short-story/cywuq8/,8,26,26
13,https://blog.reedsy.com/short-story/tg0bjx/,9,22,12
13,https://blog.reedsy.com/short-story/kx2sd1/,10,18,9
13,https://blog.reedsy.com/short-story/qgr0ey/,11,17,4
13,https://blog.reedsy.com/short-story/gwkcsi/,12,17,3
13,https://blog.reedsy.com/short-story/go12xp/,13,16,4
13,https://blog.reedsy.com/short-story/lcws4l/,14,15,2
13,https://blog.reedsy.com/short-story/jkd5vx/,15,15,2
13,https://blog.reedsy.com/short-story/0mld83/,16,13,15
13,https://blog.reedsy.com/short-story/thx20j/,17,13,6
13,https://blog.reedsy.com/short-story/71vz1z/,18,13,4
13,https://blog.reedsy.com/short-story/ii2sjz/,19,12,6
13,https://blog.reedsy.com/short-story/rv5128/,20,12,4
13,https://blog.reedsy.com/short-story/sbkxje/,21,12,4
13,https://blog.reedsy.com/short-story/vv64qs/,22,12,3
13,https://blog.reedsy.com/short-story/ttxxex/,23,12,3
13,https://blog.reedsy.com/short-story/wbjoca/,24,12,1
13,https://blog.reedsy.com/short-story/wtr3ae/,25,12,1
13,https://blog.reedsy.com/short-story/qly67t/,26,11,8
13,https://blog.reedsy.com/short-story/18doip/,27,11,7
13,https://blog.reedsy.com/short-story/xd8u8h/,28,11,3
13,https://blog.reedsy.com/short-story/umxgcv/,29,11,3
13,https://blog.reedsy.com/short-story/3s8v9v/,30,11,2
13,https://blog.reedsy.com/short-story/rgy2a1/,31,11,2
13,https://blog.reedsy.com/short-story/1xtlyy/,32,11,0
14,https://blog.reedsy.com/short-story/njih3i/,1,48,24
14,https://blog.reedsy.com/short-story/eeflra/,2,37,37
14,https://blog.reedsy.com/short-story/ydoufx/,3,20,8
14,https://blog.reedsy.com/short-story/8mj2tm/,4,19,12
14,https://blog.reedsy.com/short-story/g13c9j/,5,18,9
14,https://blog.reedsy.com/short-story/wrsyb1/,6,18,4
14,https://blog.reedsy.com/short-story/c3bwlo/,7,16,5
14,https://blog.reedsy.com/short-story/kj7d0e/,8,15,4
14,https://blog.reedsy.com/short-story/ngewx6/,9,14,6
14,https://blog.reedsy.com/short-story/d2t79o/,10,14,3
14,https://blog.reedsy.com/short-story/z7496i/,11,13,9
14,https://blog.reedsy.com/short-story/k4vla8/,12,13,4
14,https://blog.reedsy.com/short-story/e6i2a8/,13,13,2
14,https://blog.reedsy.com/short-story/btrmcb/,14,13,2
14,https://blog.reedsy.com/short-story/2nxcfd/,15,13,2
14,https://blog.reedsy.com/short-story/ym90hj/,16,13,2
14,https://blog.reedsy.com/short-story/j3s55p/,17,13,0
14,https://blog.reedsy.com/short-story/nb0rwf/,18,12,4
14,https://blog.reedsy.com/short-story/0fi6zi/,19,12,2
15,https://blog.reedsy.com/short-story/usc1og/,1,133,84
15,https://blog.reedsy.com/short-story/qcbflc/,2,28,19
15,https://blog.reedsy.com/short-story/wl0b93/,3,25,12
15,https://blog.reedsy.com/short-story/baety7/,4,20,10
15,https://blog.reedsy.com/short-story/8ute2b/,5,18,7
15,https://blog.reedsy.com/short-story/4vx5ig/,6,16,8
15,https://blog.reedsy.com/short-story/g38gih/,7,16,6
15,https://blog.reedsy.com/short-story/g76dmr/,8,16,4
15,https://blog.reedsy.com/short-story/r0vuki/,9,15,6
15,https://blog.reedsy.com/short-story/r85gmc/,10,14,5
15,https://blog.reedsy.com/short-story/zl7a2a/,11,13,2
15,https://blog.reedsy.com/short-story/6l3cjf/,12,12,4
15,https://blog.reedsy.com/short-story/deo993/,13,12,3
15,https://blog.reedsy.com/short-story/nlnfw7/,14,12,2
15,https://blog.reedsy.com/short-story/om2q8l/,15,12,0
15,https://blog.reedsy.com/short-story/7acva7/,16,11,3
16,https://blog.reedsy.com/short-story/icr8un/,1,29,16
16,https://blog.reedsy.com/short-story/m0m0j9/,2,23,12
16,https://blog.reedsy.com/short-story/nyq3f4/,3,20,6
16,https://blog.reedsy.com/short-story/ndy4bf/,4,19,6
16,https://blog.reedsy.com/short-story/gqsbc9/,5,16,4
16,https://blog.reedsy.com/short-story/e7b7la/,6,14,8
16,https://blog.reedsy.com/short-story/kgi39x/,7,14,2
16,https://blog.reedsy.com/short-story/v87xwa/,8,13,4
16,https://blog.reedsy.com/short-story/j7htcu/,9,12,16
16,https://blog.reedsy.com/short-story/fwe6i6/,10,11,5
16,https://blog.reedsy.com/short-story/jxsc99/,11,11,2
16,https://blog.reedsy.com/short-story/hi1u1o/,12,11,2
16,https://blog.reedsy.com/short-story/y7wpbf/,13,11,1
16,https://blog.reedsy.com/short-story/1tj6n0/,14,11,0
17,https://blog.reedsy.com/short-story/v6x1gs/,1,94,56
17,https://blog.reedsy.com/short-story/64yovs/,2,47,42
17,https://blog.reedsy.com/short-story/zs2air/,3,20,13
17,https://blog.reedsy.com/short-story/pqvhyy/,4,19,12
17,https://blog.reedsy.com/short-story/4ijttw/,5,18,10
17,https://blog.reedsy.com/short-story/wonyax/,6,16,10
17,https://blog.reedsy.com/short-story/npnuzl/,7,15,5
17,https://blog.reedsy.com/short-story/8ll7pf/,8,15,4
17,https://blog.reedsy.com/short-story/iv292q/,9,14,10
17,https://blog.reedsy.com/short-story/1aue38/,10,14,6
17,https://blog.reedsy.com/short-story/p3hqxo/,11,14,4
17,https://blog.reedsy.com/short-story/w5ji3r/,12,12,7
17,https://blog.reedsy.com/short-story/25j43s/,13,12,6
17,https://blog.reedsy.com/short-story/0a4979/,14,12,1
17,https://blog.reedsy.com/short-story/yr6y2k/,15,11,6
18,https://blog.reedsy.com/short-story/mtq2dd/,1,34,31
18,https://blog.reedsy.com/short-story/wlc6jd/,2,23,16
18,https://blog.reedsy.com/short-story/u8c9uc/,3,21,12
18,https://blog.reedsy.com/short-story/rm70ga/,4,21,10
18,https://blog.reedsy.com/short-story/ak6ksd/,5,18,17
18,https://blog.reedsy.com/short-story/6l9uks/,6,15,2
18,https://blog.reedsy.com/short-story/16teb1/,7,14,7
18,https://blog.reedsy.com/short-story/qatp6l/,8,14,5
18,https://blog.reedsy.com/short-story/azllpr/,9,13,2
18,https://blog.reedsy.com/short-story/4wnfja/,10,12,2
18,https://blog.reedsy.com/short-story/klcgv2/,11,12,1
18,https://blog.reedsy.com/short-story/4cdw7k/,12,11,5
18,https://blog.reedsy.com/short-story/bjenk5/,13,11,4
18,https://blog.reedsy.com/short-story/94r36a/,14,11,4
18,https://blog.reedsy.com/short-story/5jw8h8/,15,11,2
19,https://blog.reedsy.com/short-story/ekx5xa/,1,33,28
19,https://blog.reedsy.com/short-story/cwdx51/,2,20,25
19,https://blog.reedsy.com/short-story/onw854/,3,20,7
19,https://blog.reedsy.com/short-story/ae269h/,4,19,16
19,https://blog.reedsy.com/short-story/pnrgj9/,5,16,19
19,https://blog.reedsy.com/short-story/qi87jv/,6,16,7
19,https://blog.reedsy.com/short-story/8u605v/,7,12,16
19,https://blog.reedsy.com/short-story/f8wa4i/,8,11,15
19,https://blog.reedsy.com/short-story/kdbycp/,9,11,9
20,https://blog.reedsy.com/short-story/i3sdmf/,1,36,24
20,https://blog.reedsy.com/short-story/x0yjnj/,2,20,17
20,https://blog.reedsy.com/short-story/0x1yi9/,3,18,3
20,https://blog.reedsy.com/short-story/2lxzs3/,4,16,8
20,https://blog.reedsy.com/short-story/hkb1rk/,5,14,0
20,https://blog.reedsy.com/short-story/j9c2cx/,6,12,7
20,https://blog.reedsy.com/short-story/meqxhk/,7,11,1
