prompt_id,story_url,likes,comments
1,https://blog.reedsy.com/short-story/vvvs8c/,39,20
1,https://blog.reedsy.com/short-story/k1qxim/,29,10
1,https://blog.reedsy.com/short-story/wcrps3/,28,22
1,https://blog.reedsy.com/short-story/0hs63e/,22,11
1,https://blog.reedsy.com/short-story/nzlmsy/,20,4
1,https://blog.reedsy.com/short-story/pkcy1f/,20,2
1,https://blog.reedsy.com/short-story/lsfedc/,19,4
1,https://blog.reedsy.com/short-story/srdsku/,17,3
1,https://blog.reedsy.com/short-story/rolwi0/,14,3
1,https://blog.reedsy.com/short-story/rixvns/,14,2
1,https://blog.reedsy.com/short-story/g082dn/,14,11
1,https://blog.reedsy.com/short-story/w75i0o/,14,4
1,https://blog.reedsy.com/short-story/z6g7c6/,14,4
1,https://blog.reedsy.com/short-story/c9r2i9/,14,2
1,https://blog.reedsy.com/short-story/v3a5w8/,14,12
1,https://blog.reedsy.com/short-story/4mt1fp/,14,3
1,https://blog.reedsy.com/short-story/uct3p5/,13,0
1,https://blog.reedsy.com/short-story/jwh7cu/,12,7
2,https://blog.reedsy.com/short-story/tkr6y1/,54,32
2,https://blog.reedsy.com/short-story/r5t6yq/,40,38
2,https://blog.reedsy.com/short-story/3039d3/,33,14
2,https://blog.reedsy.com/short-story/tdilop/,28,12
2,https://blog.reedsy.com/short-story/sfde2f/,28,16
2,https://blog.reedsy.com/short-story/72m1u2/,21,19
2,https://blog.reedsy.com/short-story/h0j6gw/,18,9
2,https://blog.reedsy.com/short-story/m7pj7z/,17,5
2,https://blog.reedsy.com/short-story/vm92gq/,16,2
2,https://blog.reedsy.com/short-story/xnrhxo/,16,2
2,https://blog.reedsy.com/short-story/spcey6/,15,5
2,https://blog.reedsy.com/short-story/fab7t3/,15,8
2,https://blog.reedsy.com/short-story/fpy493/,15,8
2,https://blog.reedsy.com/short-story/u00yl7/,14,2
2,https://blog.reedsy.com/short-story/74lezu/,13,2
2,https://blog.reedsy.com/short-story/u62vrb/,13,0
2,https://blog.reedsy.com/short-story/xbweof/,12,0
2,https://blog.reedsy.com/short-story/4ufbor/,11,6
2,https://blog.reedsy.com/short-story/8pc81z/,11,0
2,https://blog.reedsy.com/short-story/fygj9e/,11,0
3,https://blog.reedsy.com/short-story/b464xx/,59,80
3,https://blog.reedsy.com/short-story/x4qukk/,34,26
3,https://blog.reedsy.com/short-story/qz1g82/,28,22
3,https://blog.reedsy.com/short-story/slcg26/,26,13
3,https://blog.reedsy.com/short-story/zlsge5/,25,13
3,https://blog.reedsy.com/short-story/6um9f0/,18,7
3,https://blog.reedsy.com/short-story/00cd6s/,18,3
3,https://blog.reedsy.com/short-story/rhfm98/,17,2
3,https://blog.reedsy.com/short-story/pnrvab/,16,4
3,https://blog.reedsy.com/short-story/zuoen1/,15,3
3,https://blog.reedsy.com/short-story/83s7fo/,15,6
3,https://blog.reedsy.com/short-story/0zsgjh/,14,2
3,https://blog.reedsy.com/short-story/495pjg/,14,0
3,https://blog.reedsy.com/short-story/zurc1r/,13,0
3,https://blog.reedsy.com/short-story/up3d1b/,13,2
3,https://blog.reedsy.com/short-story/t4opoq/,12,0
3,https://blog.reedsy.com/short-story/ruejsj/,12,3
3,https://blog.reedsy.com/short-story/rozfwc/,12,2
3,https://blog.reedsy.com/short-story/hvawdl/,12,2
3,https://blog.reedsy.com/short-story/xkfx7p/,11,0
3,https://blog.reedsy.com/short-story/quoau1/,11,3
3,https://blog.reedsy.com/short-story/exxsdn/,11,0
4,https://blog.reedsy.com/short-story/pzw7o9/,34,33
4,https://blog.reedsy.com/short-story/84857v/,29,13
4,https://blog.reedsy.com/short-story/te95t4/,29,18
4,https://blog.reedsy.com/short-story/ikubyq/,24,17
4,https://blog.reedsy.com/short-story/m51ugg/,23,2
4,https://blog.reedsy.com/short-story/cqv3a5/,22,6
4,https://blog.reedsy.com/short-story/gs0ytk/,18,6
4,https://blog.reedsy.com/short-story/f0nzcb/,16,3
4,https://blog.reedsy.com/short-story/q48xz3/,14,5
4,https://blog.reedsy.com/short-story/dod0nv/,14,1
4,https://blog.reedsy.com/short-story/v8y1i9/,14,1
4,https://blog.reedsy.com/short-story/2k6u0u/,14,4
4,https://blog.reedsy.com/short-story/rz4smk/,14,10
4,https://blog.reedsy.com/short-story/isi70s/,13,0
4,https://blog.reedsy.com/short-story/9ir8c1/,13,2
4,https://blog.reedsy.com/short-story/e33ixy/,12,2
4,https://blog.reedsy.com/short-story/ntif63/,12,5
4,https://blog.reedsy.com/short-story/gw4t31/,12,4
4,https://blog.reedsy.com/short-story/vec6bj/,12,3
4,https://blog.reedsy.com/short-story/t5npq7/,12,0
4,https://blog.reedsy.com/short-story/nmt7am/,11,0
4,https://blog.reedsy.com/short-story/lww9rf/,11,2
4,https://blog.reedsy.com/short-story/iko736/,11,0
4,https://blog.reedsy.com/short-story/4h7ul1/,11,2
4,https://blog.reedsy.com/short-story/3g2z9t/,11,0
5,https://blog.reedsy.com/short-story/ltwlux/,195,73
5,https://blog.reedsy.com/short-story/d5us96/,41,23
5,https://blog.reedsy.com/short-story/tbax6w/,25,13
5,https://blog.reedsy.com/short-story/d5ed1s/,23,2
5,https://blog.reedsy.com/short-story/nkhhs3/,19,15
5,https://blog.reedsy.com/short-story/g7idow/,16,3
5,https://blog.reedsy.com/short-story/ea2000/,16,3
5,https://blog.reedsy.com/short-story/tlm7h5/,15,0
5,https://blog.reedsy.com/short-story/d27dbv/,14,4
5,https://blog.reedsy.com/short-story/c8hava/,14,8
5,https://blog.reedsy.com/short-story/wxe7by/,13,2
5,https://blog.reedsy.com/short-story/60azay/,12,4
5,https://blog.reedsy.com/short-story/zsa2on/,12,4
5,https://blog.reedsy.com/short-story/xrjgi7/,11,1
5,https://blog.reedsy.com/short-story/vx2vrl/,11,2
5,https://blog.reedsy.com/short-story/37lfn5/,11,1
5,https://blog.reedsy.com/short-story/8stnxa/,11,4
5,https://blog.reedsy.com/short-story/85sv7t/,11,1
6,https://blog.reedsy.com/short-story/mf8n1g/,60,40
6,https://blog.reedsy.com/short-story/o27c9r/,35,18
6,https://blog.reedsy.com/short-story/db4nwr/,30,26
6,https://blog.reedsy.com/short-story/yw8r8v/,29,25
6,https://blog.reedsy.com/short-story/dnqgpj/,28,12
6,https://blog.reedsy.com/short-story/s6jhin/,22,7
6,https://blog.reedsy.com/short-story/ko31zj/,19,16
6,https://blog.reedsy.com/short-story/1jocox/,18,13
6,https://blog.reedsy.com/short-story/rfobg7/,18,6
6,https://blog.reedsy.com/short-story/crc4vt/,18,16
6,https://blog.reedsy.com/short-story/92slht/,16,4
6,https://blog.reedsy.com/short-story/17e3pz/,16,10
6,https://blog.reedsy.com/short-story/xpj445/,15,5
6,https://blog.reedsy.com/short-story/btnf8a/,15,2
6,https://blog.reedsy.com/short-story/tnt90t/,15,12
6,https://blog.reedsy.com/short-story/v7zv7v/,15,6
6,https://blog.reedsy.com/short-story/yy9rfd/,14,10
6,https://blog.reedsy.com/short-story/pi7znn/,14,8
6,https://blog.reedsy.com/short-story/vna9dq/,12,3
6,https://blog.reedsy.com/short-story/ll448w/,12,11
6,https://blog.reedsy.com/short-story/upsjvv/,11,4
6,https://blog.reedsy.com/short-story/mwf80o/,11,11
6,https://blog.reedsy.com/short-story/urjc4f/,11,2
6,https://blog.reedsy.com/short-story/ebfny5/,11,3
6,https://blog.reedsy.com/short-story/5xnaki/,11,0
7,https://blog.reedsy.com/short-story/ke5to4/,47,59
7,https://blog.reedsy.com/short-story/p5rz09/,31,15
7,https://blog.reedsy.com/short-story/rww7ih/,25,22
7,https://blog.reedsy.com/short-story/k9juor/,20,2
7,https://blog.reedsy.com/short-story/yh62hy/,18,17
7,https://blog.reedsy.com/short-story/e48ees/,18,4
7,https://blog.reedsy.com/short-story/3ag7kp/,16,6
7,https://blog.reedsy.com/short-story/hdur4j/,15,15
7,https://blog.reedsy.com/short-story/oahrg9/,11,7
7,https://blog.reedsy.com/short-story/hz2aux/,11,3
8,https://blog.reedsy.com/short-story/w419tc/,43,37
8,https://blog.reedsy.com/short-story/xsz8sr/,26,25
8,https://blog.reedsy.com/short-story/t30jl7/,18,6
8,https://blog.reedsy.com/short-story/7bkh23/,18,10
8,https://blog.reedsy.com/short-story/eu4v2q/,16,21
8,https://blog.reedsy.com/short-story/mu1u5y/,16,8
8,https://blog.reedsy.com/short-story/asd55k/,16,11
8,https://blog.reedsy.com/short-story/z57tb5/,14,3
8,https://blog.reedsy.com/short-story/vqkusz/,13,9
8,https://blog.reedsy.com/short-story/qovuqp/,12,3
8,https://blog.reedsy.com/short-story/kjrxur/,12,2
8,https://blog.reedsy.com/short-story/n9bawa/,12,1
8,https://blog.reedsy.com/short-story/bn94jg/,11,4
8,https://blog.reedsy.com/short-story/9jqptg/,11,6
9,https://blog.reedsy.com/short-story/f71z1r/,54,35
9,https://blog.reedsy.com/short-story/z0nkew/,44,45
9,https://blog.reedsy.com/short-story/0k4e0i/,37,37
9,https://blog.reedsy.com/short-story/jojtjt/,32,37
9,https://blog.reedsy.com/short-story/hw93v9/,21,19
9,https://blog.reedsy.com/short-story/s4g6xh/,20,20
9,https://blog.reedsy.com/short-story/r4ckf8/,20,15
9,https://blog.reedsy.com/short-story/2ilh7p/,19,11
9,https://blog.reedsy.com/short-story/8g7cr4/,19,14
9,https://blog.reedsy.com/short-story/kzh4lk/,16,4
9,https://blog.reedsy.com/short-story/hk6jiz/,16,2
9,https://blog.reedsy.com/short-story/04w919/,14,8
9,https://blog.reedsy.com/short-story/yx6qnj/,13,6
9,https://blog.reedsy.com/short-story/2kapeu/,12,7
9,https://blog.reedsy.com/short-story/tgkp57/,11,14
9,https://blog.reedsy.com/short-story/s4d43o/,11,5
10,https://blog.reedsy.com/short-story/28r778/,39,144
10,https://blog.reedsy.com/short-story/hf81ik/,33,34
10,https://blog.reedsy.com/short-story/e7g6ai/,30,23
10,https://blog.reedsy.com/short-story/pooswu/,28,6
10,https://blog.reedsy.com/short-story/jbik8j/,22,13
10,https://blog.reedsy.com/short-story/yntu6y/,21,4
10,https://blog.reedsy.com/short-story/6m0sfg/,15,4
10,https://blog.reedsy.com/short-story/3sf09w/,14,7
10,https://blog.reedsy.com/short-story/7ta614/,12,12
11,https://blog.reedsy.com/short-story/giqjnn/,33,16
11,https://blog.reedsy.com/short-story/rseuek/,30,26
11,https://blog.reedsy.com/short-story/e6po7n/,26,6
11,https://blog.reedsy.com/short-story/mc2gou/,22,10
11,https://blog.reedsy.com/short-story/ztpf1o/,21,8
11,https://blog.reedsy.com/short-story/d9x9s5/,21,16
11,https://blog.reedsy.com/short-story/mp7ypd/,20,11
11,https://blog.reedsy.com/short-story/nhwye9/,18,11
11,https://blog.reedsy.com/short-story/2ckki2/,17,1
11,https://blog.reedsy.com/short-story/xdnvdl/,17,9
11,https://blog.reedsy.com/short-story/sbxug2/,16,4
11,https://blog.reedsy.com/short-story/jeug1s/,16,8
11,https://blog.reedsy.com/short-story/do0ddf/,15,5
11,https://blog.reedsy.com/short-story/rmdknh/,14,6
11,https://blog.reedsy.com/short-story/yrovjf/,14,2
11,https://blog.reedsy.com/short-story/y0h3ni/,14,8
11,https://blog.reedsy.com/short-story/vfjvnx/,14,3
11,https://blog.reedsy.com/short-story/wqk8ep/,13,7
11,https://blog.reedsy.com/short-story/l59tlp/,13,3
11,https://blog.reedsy.com/short-story/926ouw/,13,19
11,https://blog.reedsy.com/short-story/lw0uf2/,12,1
11,https://blog.reedsy.com/short-story/0dy9as/,12,2
11,https://blog.reedsy.com/short-story/knu36w/,12,2
11,https://blog.reedsy.com/short-story/e3klc4/,12,3
11,https://blog.reedsy.com/short-story/0j59ok/,11,7
11,https://blog.reedsy.com/short-story/y4qc71/,11,2
11,https://blog.reedsy.com/short-story/4ms9cj/,11,4
11,https://blog.reedsy.com/short-story/hmn2nt/,11,1
11,https://blog.reedsy.com/short-story/z0rg92/,11,0
12,https://blog.reedsy.com/short-story/kogb0v/,45,22
12,https://blog.reedsy.com/short-story/k392jo/,21,11
12,https://blog.reedsy.com/short-story/rfo9hg/,19,4
12,https://blog.reedsy.com/short-story/h8mxab/,18,4
12,https://blog.reedsy.com/short-story/3yzxfd/,17,2
12,https://blog.reedsy.com/short-story/sn102f/,15,8
12,https://blog.reedsy.com/short-story/1jfvx7/,14,4
12,https://blog.reedsy.com/short-story/5j6alp/,14,6
12,https://blog.reedsy.com/short-story/p372kc/,14,6
12,https://blog.reedsy.com/short-story/svl69s/,13,2
12,https://blog.reedsy.com/short-story/nka8c2/,13,1
12,https://blog.reedsy.com/short-story/o40hez/,12,2
12,https://blog.reedsy.com/short-story/ti0ycw/,12,1
12,https://blog.reedsy.com/short-story/wglfsn/,12,5
12,https://blog.reedsy.com/short-story/it9r5b/,12,0
12,https://blog.reedsy.com/short-story/y0dsro/,12,2
12,https://blog.reedsy.com/short-story/f8nwu0/,11,4
12,https://blog.reedsy.com/short-story/26x2w2/,11,4
12,https://blog.reedsy.com/short-story/qhblk9/,11,3
12,https://blog.reedsy.com/short-story/jgfcbq/,11,3
12,https://blog.reedsy.com/short-story/eti0kz/,11,4
13,https://blog.reedsy.com/short-story/lpj1g7/,60,56
13,https://blog.reedsy.com/short-story/f7xpxi/,59,30
13,https://blog.reedsy.com/short-story/khv5k3/,35,43
13,https://blog.reedsy.com/short-story/dx109p/,29,34
13,https://blog.reedsy.com/short-story/4iqnou/,29,27
13,https://blog.reedsy.com/short-story/ezxvev/,28,22
13,https://blog.reedsy.com/short-story/cywuq8/,26,26
13,https://blog.reedsy.com/short-story/fpaqqx/,26,42
13,https://blog.reedsy.com/short-story/tg0bjx/,22,12
13,https://blog.reedsy.com/short-story/kx2sd1/,18,9
13,https://blog.reedsy.com/short-story/gwkcsi/,17,3
13,https://blog.reedsy.com/short-story/qgr0ey/,17,4
13,https://blog.reedsy.com/short-story/go12xp/,16,4
13,https://blog.reedsy.com/short-story/lcws4l/,15,2
13,https://blog.reedsy.com/short-story/jkd5vx/,15,2
13,https://blog.reedsy.com/short-story/0mld83/,13,15
13,https://blog.reedsy.com/short-story/thx20j/,13,6
13,https://blog.reedsy.com/short-story/71vz1z/,13,4
13,https://blog.reedsy.com/short-story/wbjoca/,12,1
13,https://blog.reedsy.com/short-story/vv64qs/,12,3
13,https://blog.reedsy.com/short-story/rv5128/,12,4
13,https://blog.reedsy.com/short-story/ii2sjz/,12,6
13,https://blog.reedsy.com/short-story/sbkxje/,12,4
13,https://blog.reedsy.com/short-story/wtr3ae/,12,1
13,https://blog.reedsy.com/short-story/ttxxex/,12,3
13,https://blog.reedsy.com/short-story/xd8u8h/,11,3
13,https://blog.reedsy.com/short-story/qly67t/,11,8
13,https://blog.reedsy.com/short-story/3s8v9v/,11,2
13,https://blog.reedsy.com/short-story/umxgcv/,11,3
13,https://blog.reedsy.com/short-story/18doip/,11,7
13,https://blog.reedsy.com/short-story/1xtlyy/,11,0
13,https://blog.reedsy.com/short-story/rgy2a1/,11,2
14,https://blog.reedsy.com/short-story/njih3i/,48,24
14,https://blog.reedsy.com/short-story/eeflra/,37,37
14,https://blog.reedsy.com/short-story/ydoufx/,20,8
14,https://blog.reedsy.com/short-story/8mj2tm/,19,12
14,https://blog.reedsy.com/short-story/wrsyb1/,18,4
14,https://blog.reedsy.com/short-story/g13c9j/,18,9
14,https://blog.reedsy.com/short-story/c3bwlo/,16,5
14,https://blog.reedsy.com/short-story/kj7d0e/,15,4
14,https://blog.reedsy.com/short-story/ngewx6/,14,6
14,https://blog.reedsy.com/short-story/d2t79o/,14,3
14,https://blog.reedsy.com/short-story/k4vla8/,13,4
14,https://blog.reedsy.com/short-story/e6i2a8/,13,2
14,https://blog.reedsy.com/short-story/btrmcb/,13,2
14,https://blog.reedsy.com/short-story/2nxcfd/,13,2
14,https://blog.reedsy.com/short-story/j3s55p/,13,0
14,https://blog.reedsy.com/short-story/z7496i/,13,9
14,https://blog.reedsy.com/short-story/ym90hj/,13,2
14,https://blog.reedsy.com/short-story/0fi6zi/,12,2
14,https://blog.reedsy.com/short-story/nb0rwf/,12,4
15,https://blog.reedsy.com/short-story/usc1og/,133,84
15,https://blog.reedsy.com/short-story/qcbflc/,28,19
15,https://blog.reedsy.com/short-story/wl0b93/,25,12
15,https://blog.reedsy.com/short-story/baety7/,20,10
15,https://blog.reedsy.com/short-story/8ute2b/,18,7
15,https://blog.reedsy.com/short-story/g76dmr/,16,4
15,https://blog.reedsy.com/short-story/g38gih/,16,6
15,https://blog.reedsy.com/short-story/4vx5ig/,16,8
15,https://blog.reedsy.com/short-story/r0vuki/,15,6
15,https://blog.reedsy.com/short-story/r85gmc/,14,5
15,https://blog.reedsy.com/short-story/zl7a2a/,13,2
15,https://blog.reedsy.com/short-story/om2q8l/,12,0
15,https://blog.reedsy.com/short-story/6l3cjf/,12,4
15,https://blog.reedsy.com/short-story/nlnfw7/,12,2
15,https://blog.reedsy.com/short-story/deo993/,12,3
15,https://blog.reedsy.com/short-story/7acva7/,11,3
16,https://blog.reedsy.com/short-story/icr8un/,29,16
16,https://blog.reedsy.com/short-story/m0m0j9/,23,12
16,https://blog.reedsy.com/short-story/nyq3f4/,20,6
16,https://blog.reedsy.com/short-story/ndy4bf/,19,6
16,https://blog.reedsy.com/short-story/gqsbc9/,16,4
16,https://blog.reedsy.com/short-story/e7b7la/,14,8
16,https://blog.reedsy.com/short-story/kgi39x/,14,2
16,https://blog.reedsy.com/short-story/v87xwa/,13,4
16,https://blog.reedsy.com/short-story/j7htcu/,12,16
16,https://blog.reedsy.com/short-story/y7wpbf/,11,1
16,https://blog.reedsy.com/short-story/jxsc99/,11,2
16,https://blog.reedsy.com/short-story/fwe6i6/,11,5
16,https://blog.reedsy.com/short-story/1tj6n0/,11,0
16,https://blog.reedsy.com/short-story/hi1u1o/,11,2
17,https://blog.reedsy.com/short-story/v6x1gs/,94,56
17,https://blog.reedsy.com/short-story/64yovs/,47,42
17,https://blog.reedsy.com/short-story/zs2air/,20,13
17,https://blog.reedsy.com/short-story/pqvhyy/,19,12
17,https://blog.reedsy.com/short-story/4ijttw/,18,10
17,https://blog.reedsy.com/short-story/wonyax/,16,10
17,https://blog.reedsy.com/short-story/npnuzl/,15,5
17,https://blog.reedsy.com/short-story/8ll7pf/,15,4
17,https://blog.reedsy.com/short-story/1aue38/,14,6
17,https://blog.reedsy.com/short-story/p3hqxo/,14,4
17,https://blog.reedsy.com/short-story/iv292q/,14,10
17,https://blog.reedsy.com/short-story/25j43s/,12,6
17,https://blog.reedsy.com/short-story/w5ji3r/,12,7
17,https://blog.reedsy.com/short-story/0a4979/,12,1
17,https://blog.reedsy.com/short-story/yr6y2k/,11,6
18,https://blog.reedsy.com/short-story/mtq2dd/,34,31
18,https://blog.reedsy.com/short-story/wlc6jd/,23,16
18,https://blog.reedsy.com/short-story/rm70ga/,21,10
18,https://blog.reedsy.com/short-story/u8c9uc/,21,12
18,https://blog.reedsy.com/short-story/ak6ksd/,18,17
18,https://blog.reedsy.com/short-story/6l9uks/,15,2
18,https://blog.reedsy.com/short-story/qatp6l/,14,5
18,https://blog.reedsy.com/short-story/16teb1/,14,7
18,https://blog.reedsy.com/short-story/azllpr/,13,2
18,https://blog.reedsy.com/short-story/klcgv2/,12,1
18,https://blog.reedsy.com/short-story/4wnfja/,12,2
18,https://blog.reedsy.com/short-story/bjenk5/,11,4
18,https://blog.reedsy.com/short-story/94r36a/,11,4
18,https://blog.reedsy.com/short-story/5jw8h8/,11,2
18,https://blog.reedsy.com/short-story/4cdw7k/,11,5
19,https://blog.reedsy.com/short-story/ekx5xa/,33,28
19,https://blog.reedsy.com/short-story/cwdx51/,20,25
19,https://blog.reedsy.com/short-story/onw854/,20,7
19,https://blog.reedsy.com/short-story/ae269h/,19,16
19,https://blog.reedsy.com/short-story/pnrgj9/,16,19
19,https://blog.reedsy.com/short-story/qi87jv/,16,7
19,https://blog.reedsy.com/short-story/8u605v/,12,16
19,https://blog.reedsy.com/short-story/f8wa4i/,11,15
19,https://blog.reedsy.com/short-story/kdbycp/,11,9
20,https://blog.reedsy.com/short-story/i3sdmf/,36,24
20,https://blog.reedsy.com/short-story/x0yjnj/,20,17
20,https://blog.reedsy.com/short-story/0x1yi9/,18,3
20,https://blog.reedsy.com/short-story/2lxzs3/,16,8
20,https://blog.reedsy.com/short-story/hkb1rk/,14,0
20,https://blog.reedsy.com/short-story/j9c2cx/,12,7
20,https://blog.reedsy.com/short-story/meqxhk/,11,1
